{
    "metrics": {
        "http_req_failed": {
            "passes": 0,
            "fails": 120,
            "value": 0
        },
        "http_req_tls_handshaking": {
            "avg": 0,
            "min": 0,
            "med": 0,
            "max": 0,
            "p(50)": 0,
            "p(95)": 0,
            "p(99)": 0
        },
        "vus": {
            "value": 1,
            "min": 1,
            "max": 1
        },
        "iterations": {
            "count": 120,
            "rate": 1.9928001512873028
        },
        "iteration_duration": {
            "p(50)": 501.73875250000003,
            "p(95)": 502.3006653,
            "p(99)": 502.53928247,
            "avg": 501.76132432500015,
            "min": 501.092583,
            "med": 501.73875250000003,
            "max": 502.624339
        },
        "http_req_receiving": {
            "min": 0.043322,
            "med": 0.06721150000000001,
            "max": 0.327406,
            "p(50)": 0.06721150000000001,
            "p(95)": 0.10727509999999996,
            "p(99)": 0.19370812000000015,
            "avg": 0.07390318333333336
        },
        "data_sent": {
            "count": 10320,
            "rate": 171.38081301070804
        },
        "checks": {
            "passes": 360,
            "fails": 0,
            "value": 1
        },
        "http_req_failed{name:health}": {
            "passes": 0,
            "fails": 120,
            "thresholds": {
                "rate<0.01": false
            },
            "value": 0
        },
        "http_req_sending": {
            "avg": 0.02800060833333334,
            "min": 0.016561,
            "med": 0.024992,
            "max": 0.0799,
            "p(50)": 0.024992,
            "p(95)": 0.04560015,
            "p(99)": 0.05374037000000001
        },
        "vus_max": {
            "value": 1,
            "min": 1,
            "max": 1
        },
        "http_req_duration{expected_response:true}": {
            "min": 0.736196,
            "med": 0.9147715000000001,
            "max": 1.69907,
            "p(50)": 0.9147715000000001,
            "p(95)": 1.1969481499999999,
            "p(99)": 1.5237945400000006,
            "avg": 0.9534169750000003
        },
        "data_received": {
            "count": 17400,
            "rate": 288.95602193665894
        },
        "http_req_duration": {
            "p(50)": 0.9147715000000001,
            "p(95)": 1.1969481499999999,
            "p(99)": 1.5237945400000006,
            "avg": 0.9534169750000003,
            "min": 0.736196,
            "med": 0.9147715000000001,
            "max": 1.69907
        },
        "http_req_blocked": {
            "max": 0.261572,
            "p(50)": 0.007349,
            "p(95)": 0.013260649999999995,
            "p(99)": 0.031225920000000018,
            "avg": 0.010554966666666669,
            "min": 0.005751,
            "med": 0.007349
        },
        "http_req_connecting": {
            "min": 0,
            "med": 0,
            "max": 0.178325,
            "p(50)": 0,
            "p(95)": 0,
            "p(99)": 0,
            "avg": 0.0014860416666666668
        },
        "http_req_waiting": {
            "p(95)": 1.0745805,
            "p(99)": 1.3828164000000007,
            "avg": 0.8515131833333331,
            "min": 0.618465,
            "med": 0.8159609999999999,
            "max": 1.567171,
            "p(50)": 0.8159609999999999
        },
        "http_req_duration{name:health}": {
            "p(99)": 1.5237945400000006,
            "avg": 0.9534169750000003,
            "min": 0.736196,
            "med": 0.9147715000000001,
            "max": 1.69907,
            "p(50)": 0.9147715000000001,
            "p(95)": 1.1969481499999999,
            "thresholds": {
                "p(95)<150": false
            }
        },
        "http_reqs": {
            "count": 120,
            "rate": 1.9928001512873028
        }
    },
    "root_group": {
        "name": "",
        "path": "",
        "id": "d41d8cd98f00b204e9800998ecf8427e",
        "groups": {},
        "checks": {
                "GET /health → 200": {
                    "path": "::GET /health → 200",
                    "id": "d8f07a138db210df4a70c8d8e7405356",
                    "passes": 120,
                    "fails": 0,
                    "name": "GET /health → 200"
                },
                "GET /health → status=healthy": {
                    "id": "76c7a76266bd7e629ee064ab14dc9f67",
                    "passes": 120,
                    "fails": 0,
                    "name": "GET /health → status=healthy",
                    "path": "::GET /health → status=healthy"
                },
                "GET /health → p95 < 150ms": {
                    "id": "d23fbe3c77f0dfd07c1f7123069eb9a8",
                    "passes": 120,
                    "fails": 0,
                    "name": "GET /health → p95 < 150ms",
                    "path": "::GET /health → p95 < 150ms"
                }
            }
    }
}